Seller,Price,Product URL,Name
Vitamin Active,"356,15 TL",https://www.trendyol.com/immunace/original-30-tablet-multivitamin-p-6476572?boutiqueId=61&merchantId=398838,immunace
sağlıkdanışmanınız,219 TL,https://www.trendyol.com/immunace/original-30-tablet-multivitamin-p-6476572?boutiqueId=61&merchantId=199226,immunace
eczacın,285 TL,https://www.trendyol.com/immunace/original-30-tablet-multivitamin-p-6476572?boutiqueId=61&merchantId=593894,immunace
DerKoz,219 TL,https://www.trendyol.com/immunace/original-30-tablet-multivitamin-p-6476572?boutiqueId=61&merchantId=884886,immunace
DermoMarkt,285 TL,https://www.trendyol.com/immunace/original-30-tablet-multivitamin-p-6476572?boutiqueId=61&merchantId=571755,immunace
ECZANEMİX,229 TL,https://www.trendyol.com/immunace/original-30-tablet-multivitamin-p-6476572?boutiqueId=61&merchantId=794163,immunace
ABT VİTAMİN,241 TL,https://www.trendyol.com/immunace/original-30-tablet-multivitamin-p-6476572?boutiqueId=61&merchantId=228147,immunace
Kırmızı Beyaz,"248,88 TL",https://www.trendyol.com/immunace/original-30-tablet-multivitamin-p-6476572?boutiqueId=61&merchantId=293880,immunace
VeSi Sağlık,250 TL,https://www.trendyol.com/immunace/original-30-tablet-multivitamin-p-6476572?boutiqueId=61&merchantId=286661,immunace
eczakolay,276 TL,https://www.trendyol.com/immunace/original-30-tablet-multivitamin-p-6476572?boutiqueId=61&merchantId=495718,immunace
Daffne,269 TL,https://www.trendyol.com/immunace/original-30-tablet-multivitamin-p-6476572?boutiqueId=61&merchantId=844385,immunace
OTCSağlık,276 TL,https://www.trendyol.com/immunace/original-30-tablet-multivitamin-p-6476572?boutiqueId=61&merchantId=618514,immunace
Eczaprime,"319,90 TL",https://www.trendyol.com/immunace/original-30-tablet-multivitamin-p-6476572?boutiqueId=61&merchantId=105284,immunace
Kozmodi,300 TL,https://www.trendyol.com/immunace/original-30-tablet-multivitamin-p-6476572?boutiqueId=61&merchantId=214643,immunace
Farmakozmetika Sağlı...,299 TL,https://www.trendyol.com/immunace/original-30-tablet-multivitamin-p-6476572?boutiqueId=61&merchantId=424177,immunace
Eczapazar,"314,58 TL",https://www.trendyol.com/immunace/original-30-tablet-multivitamin-p-6476572?boutiqueId=61&merchantId=108556,immunace
Markafarma,"316,90 TL",https://www.trendyol.com/immunace/original-30-tablet-multivitamin-p-6476572?boutiqueId=61&merchantId=850902,immunace
Prime Sağlık Güzelli...,"331,50 TL",https://www.trendyol.com/immunace/original-30-tablet-multivitamin-p-6476572?boutiqueId=61&merchantId=261095,immunace
Evdeki Eczanem,"349,90 TL",https://www.trendyol.com/immunace/original-30-tablet-multivitamin-p-6476572?boutiqueId=61&merchantId=519314,immunace
Befine,"353,50 TL",https://www.trendyol.com/immunace/original-30-tablet-multivitamin-p-6476572?boutiqueId=61&merchantId=398824,immunace
